Workbook

Sheet Intro
A1: Fuel Cost Tracker
A8: What this project is about
A10: You're analyzing fuel consumption and cost data across different aircraft types and routes to answer three business questions:
A12: 1. Which routes are most expensive to fuel?
A13: 2. Which aircraft types are most fuel-efficient?
A14: 3. How does fuel spend trend month over month?
A16: Column | B16: Purpose
A18: Flight ID | B18: Unique identifier per row
A19: Aircraft Type | B19: For efficiency comparison
A20: Route | B20: For cost-per-route analysis
A21: Date | B21: For monthly trend analysis
A22: Duration (hrs) | B22: Drives fuel consumption
A23: Fuel Consumed (liters) | B23: Raw quantity — this is what "efficiency" is measured against
A24: Price per Liter | B24: Market fuel price on that date
A25: Total Fuel Cost | B25: :(Fuel Consumed * Price per Liter):
A28: RANDBETWEEN(bottom, top) — generates a random whole number between two values you specify, inclusive. Every time your sheet recalculates (like pressing Enter anywhere, or F9), it generates a NEW random number. That's important — it means if you're not careful, your numbers will keep changing every time you touch the sheet.
A30: VLOOKUP(lookup_value, table_array, col_index_num, FALSE) — searches for a value in the first column of a table, and returns a value from a specified column in that same row. The FALSE at the end means "exact match only" (critical — without it, Excel might match something close but wrong).

Sheet Working sheet
A1: Aircraft ID | B1: Aircraft Type | C1: Route | D1: Date | E1: Burn Rate (L/hrs) | F1: Duration (hrs) | G1: Fuel Consumed (L) | H1: Price per Liter | I1: Total Fuel Cost
A2: FL001 | B2: Airbus A320 | C2: Karachi → Islamabad | D2: 46039 | E2: 2500 | F2: 2 | G2: 5409 | H2: 0.7 | I2: 3786.3
A3: FL002 | B3: Airbus A320 | C3: Karachi → Islamabad | D3: 46037 | E3: 2500 | F3: 2 | G3: 4814 | H3: 0.7 | I3: 3369.8
A4: FL003 | B4: Airbus A320 | C4: Karachi → Islamabad | D4: 46027 | E4: 2500 | F4: 2 | G4: 5252 | H4: 0.7 | I4: 3676.4
A5: FL004 | B5: Airbus A320 | C5: Karachi → Islamabad | D5: 46043 | E5: 2500 | F5: 2 | G5: 5213 | H5: 0.7 | I5: 3649.1 | K5: =TEXT(D2,"mmm-yy") -> Jan-26
A6: FL005 | B6: Airbus A320 | C6: Karachi → Islamabad | D6: 46042 | E6: 2500 | F6: 2 | G6: 4964 | H6: 0.7 | I6: 3474.8
A7: FL006 | B7: Airbus A320 | C7: Karachi → Islamabad | D7: 46042 | E7: 2500 | F7: 2 | G7: 5226 | H7: 0.7 | I7: 3658.2 | K7: =MONTH(D2) -> 1
A8: FL007 | B8: Airbus A320 | C8: Karachi → Islamabad | D8: 46031 | E8: 2500 | F8: 2 | G8: 5299 | H8: 0.7 | I8: 3709.3
A9: FL008 | B9: Airbus A320 | C9: Karachi → Islamabad | D9: 46048 | E9: 2500 | F9: 2 | G9: 5254 | H9: 0.7 | I9: 3677.8
A10: FL009 | B10: Airbus A320 | C10: Karachi → Islamabad | D10: 46071 | E10: 2500 | F10: 2 | G10: 5006 | H10: 0.75 | I10: 3754.5 | P10: =0/8 -> 0
A11: FL010 | B11: Airbus A320 | C11: Karachi → Islamabad | D11: 46058 | E11: 2500 | F11: 2 | G11: 4934 | H11: 0.75 | I11: 3700.5 | P11: =ROUNDUP(0.875,2) -> 0.88
A12: FL011 | B12: Airbus A320 | C12: Karachi → Islamabad | D12: 46069 | E12: 2500 | F12: 2 | G12: 4768 | H12: 0.75 | I12: 3576 | P12: =ROUNDUP(1,1) -> 1
A13: FL012 | B13: Airbus A320 | C13: Karachi → Islamabad | D13: 46056 | E13: 2500 | F13: 2 | G13: 4745 | H13: 0.75 | I13: 3558.75
A14: FL013 | B14: Airbus A320 | C14: Karachi → Islamabad | D14: 46067 | E14: 2500 | F14: 2 | G14: 4735 | H14: 0.75 | I14: 3551.25
A15: FL014 | B15: Airbus A320 | C15: Karachi → Islamabad | D15: 46061 | E15: 2500 | F15: 2 | G15: 5300 | H15: 0.75 | I15: 3975
A16: FL015 | B16: Airbus A320 | C16: Karachi → Islamabad | D16: 46064 | E16: 2500 | F16: 2 | G16: 4918 | H16: 0.75 | I16: 3688.5
A17: FL016 | B17: Airbus A320 | C17: Karachi → Islamabad | D17: 46065 | E17: 2500 | F17: 2 | G17: 4582 | H17: 0.75 | I17: 3436.5
A18: FL017 | B18: Airbus A320 | C18: Karachi → Islamabad | D18: 46101 | E18: 2500 | F18: 2 | G18: 5296 | H18: 0.8 | I18: 4236.8
A19: FL018 | B19: Airbus A320 | C19: Karachi → Islamabad | D19: 46095 | E19: 2500 | F19: 2 | G19: 4818 | H19: 0.8 | I19: 3854.4
A20: FL019 | B20: Airbus A320 | C20: Karachi → Islamabad | D20: 46083 | E20: 2500 | F20: 2 | G20: 5392 | H20: 0.8 | I20: 4313.6
A21: FL020 | B21: Airbus A320 | C21: Karachi → Islamabad | D21: 46105 | E21: 2500 | F21: 2 | G21: 5125 | H21: 0.8 | I21: 4100
A22: FL021 | B22: Airbus A320 | C22: Karachi → Islamabad | D22: 46104 | E22: 2500 | F22: 2 | G22: 4858 | H22: 0.8 | I22: 3886.4
A23: FL022 | B23: Airbus A320 | C23: Karachi → Islamabad | D23: 46096 | E23: 2500 | F23: 2 | G23: 4657 | H23: 0.8 | I23: 3725.6
A24: FL023 | B24: Airbus A320 | C24: Karachi → Islamabad | D24: 46095 | E24: 2500 | F24: 2 | G24: 4976 | H24: 0.8 | I24: 3980.8
... A108: FL107 | B108: Airbus A320 | C108: Karachi → Sri Lanka | D108: 46069 | E108: 2500 | F108: 3.5 | G108: 8577 | H108: 0.75 | I108: 6432.75
A109: FL108 | B109: Airbus A320 | C109: Karachi → Sri Lanka | D109: 46058 | E109: 2500 | F109: 3.5 | G109: 7986 | H109: 0.75 | I109: 5989.5 | L109: 48
A110: FL109 | B110: Airbus A320 | C110: Karachi → Sri Lanka | D110: 46055 | E110: 2500 | F110: 3.5 | G110: 8007 | H110: 0.75 | I110: 6005.25
A111: FL110 | B111: Airbus A320 | C111: Karachi → Sri Lanka | D111: 46078 | E111: 2500 | F111: 3.5 | G111: 8946 | H111: 0.75 | I111: 6709.5
A112: FL111 | B112: Airbus A320 | C112: Karachi → Sri Lanka | D112: 46056 | E112: 2500 | F112: 3.5 | G112: 8531 | H112: 0.75 | I112: 6398.25
A113: FL112 | B113: Airbus A320 | C113: Karachi → Sri Lanka | D113: 46070 | E113: 2500 | F113: 3.5 | G113: 8344 | H113: 0.75 | I113: 6258
A114: FL113 | B114: Airbus A320 | C114: Karachi → Sri Lanka | D114: 46089 | E114: 2500 | F114: 3.5 | G114: 8371 | H114: 0.8 | I114: 6696.8
A115: FL114 | B115: Airbus A320 | C115: Karachi → Sri Lanka | D115: 46092 | E115: 2500 | F115: 3.5 | G115: 8170 | H115: 0.8 | I115: 6536
A116: FL115 | B116: Airbus A320 | C116: Karachi → Sri Lanka | D116: 46088 | E116: 2500 | F116: 3.5 | G116: 9347 | H116: 0.8 | I116: 7477.6
A117: FL116 | B117: Airbus A320 | C117: Karachi → Sri Lanka | D117: 46102 | E117: 2500 | F117: 3.5 | G117: 9613 | H117: 0.8 | I117: 7690.4
A118: FL117 | B118: Airbus A320 | C118: Karachi → Sri Lanka | D118: 46096 | E118: 2500 | F118: 3.5 | G118: 8548 | H118: 0.8 | I118: 6838.4
A119: FL118 | B119: Airbus A320 | C119: Karachi → Sri Lanka | D119: 46097 | E119: 2500 | F119: 3.5 | G119: 7982 | H119: 0.8 | I119: 6385.6
A120: FL119 | B120: Airbus A320 | C120: Karachi → Sri Lanka | D120: 46108 | E120: 2500 | F120: 3.5 | G120: 8014 | H120: 0.8 | I120: 6411.2
A121: FL120 | B121: Airbus A320 | C121: Karachi → Sri Lanka | D121: 46095 | E121: 2500 | F121: 3.5 | G121: 8200 | H121: 0.8 | I121: 6560
... A241: FL240 | B241: Airbus A380 | C241: Doha → Washington DC | D241: 46190 | E241: 17400 | F241: 15 | G241: 237710 | H241: 0.89 | I241: 211561.9

Sheet Fuel Burn rate
A1: Aircraft Type | B1: Fuel Burn Rate (L/hr)
A2: Airbus A320 | B2: 2500
A3: Boeing 737 | B3: 2600
A4: Airbus A380 | B4: 17400
A5: Boeing 777 | B5: 9500

Sheet Duration
A1: Route | B1: Aircraft Type | C1: Duration | D1: Haul | E1: Burn Rate X Duration | F1: Burn Rate (L/hr) | G1: Fuel Consumed | H1: By hand | I1: Duration By Formula | J1: Column1
A2: Karachi → Lahore | B2: Boeing 737 | C2: 1h 55m | D2: Short | E2: =2600*1.92 -> 4992 | F2: =VLOOKUP(Table4[[#This Row],[Aircraft Type]], 'Fuel Burn rate'!$A$2:$B$6, 2,) -> 2600 | G2: 4677 | H2: 1.91 | I2: =LEFT(C2,FIND("h",C2)-1) + MID(C2,FIND("h",C2)+2,2)/60 -> 1.9166667 | J2: =RANDBETWEEN((F2*I2)*0.9,(F2*I2)*1.1) -> 5470
A3: Karachi → Islamabad | B3: Airbus A320 | C3: 2h 00m | D3: Short | E3: =2500*2 -> 5000 | F3: =VLOOKUP(Table4[[#This Row],[Aircraft Type]], 'Fuel Burn rate'!$A$2:$B$6, 2,) -> 2500 | G3: 5370 | H3: 2 | I3: =LEFT(C3,FIND("h",C3)-1) + MID(C3,FIND("h",C3)+2,2)/60 -> 2 | J3: =RANDBETWEEN((F3*I3)*0.9,(F3*I3)*1.1) -> 4559
A4: Karachi → Sri Lanka | B4: Airbus A320 | C4: 3h 30m | D4: Medium | E4: =2500*3.5 -> 8750 | F4: =VLOOKUP(Table4[[#This Row],[Aircraft Type]], 'Fuel Burn rate'!$A$2:$B$6, 2,) -> 2500 | G4: 9311 | H4: 3.5 | I4: =LEFT(C4,FIND("h",C4)-1) + MID(C4,FIND("h",C4)+2,2)/60 -> 3.5 | J4: =RANDBETWEEN((F4*I4)*0.9,(F4*I4)*1.1) -> 8902
A5: Karachi → Istanbul | B5: Boeing 777 | C5: 6h 35m | D5: Long | E5: =9500*6.58 -> 62510 | F5: =VLOOKUP(Table4[[#This Row],[Aircraft Type]], 'Fuel Burn rate'!$A$2:$B$6, 2,) -> 9500 | G5: 58292 | H5: 6.583 | I5: =LEFT(C5,FIND("h",C5)-1) + MID(C5,FIND("h",C5)+2,2)/60 -> 6.5833333 | J5: =RANDBETWEEN((F5*I5)*0.9,(F5*I5)*1.1) -> 65988
A6: Doha → Washington DC | B6: Airbus A380 | C6: 15h 00m | D6: Long | E6: =17400*15 -> 261000 | F6: =VLOOKUP(Table4[[#This Row],[Aircraft Type]], 'Fuel Burn rate'!$A$2:$B$6, 2,) -> 17400 | G6: 247528 | H6: 15 | I6: =LEFT(C6,FIND("h",C6)-1) + MID(C6,FIND("h",C6)+2,2)/60 -> 15 | J6: =RANDBETWEEN((F6*I6)*0.9,(F6*I6)*1.1) -> 276520
A8: Short-haul: under 3 hours
A9: Medium-haul: 3–6 hours | C9: Here's the formula, typed into your decimal-hours column (let's call it "Duration (hrs)" — rename Column1's header): | D9: Baseline formula: Burn Rate × Duration (hrs)
A10: Long-haul: 6+ hours
C11: LEFT(C2,FIND("h",C2)-1) + MID(C2,FIND("h",C2)+2,2)/60 | D11: RANDBETWEEN((H2*I2)*0.9, (H2*I2)*1.1)
C13: Breaking it down:
C15: FIND("h",C2) — finds the position of "h" in "6h 35m"
C16: LEFT(C2,FIND("h",C2)-1) — grabs everything before "h" → "6" (the hours)
C17: MID(C2,FIND("h",C2)+2,2) — starting 2 characters after "h" (skipping the space), grabs the next 2 characters → "35" (the minutes)
C18: /60 — converts minutes to a decimal fraction
C19: Add hours + decimal minutes = total

Sheet 6 Months data
A1: Month Number | B1: Price per Liter ($) | C1: Month
A2: =MONTH(C2) -> 1 | B2: 0.7 | C2: 46023
A3: =MONTH(C3) -> 2 | B3: 0.75 | C3: 46054
A4: =MONTH(C4) -> 3 | B4: 0.8 | C4: 46082
A5: =MONTH(C5) -> 4 | B5: 0.85 | C5: 46113
A6: =MONTH(C6) -> 5 | B6: 0.9 | C6: 46143 | E6: =MONTH(C2) -> 1
A7: =MONTH(C7) -> 6 | B7: 0.89 | C7: 46174

Sheet PivotTable - Route Cost
A3: Routes | B3: Total Fuel_Cost
A4: Doha → Washington DC | B4: 10195524
A5: Karachi → Islamabad | B5: 195802.2
A6: Karachi → Istanbul | B6: 2440072.3
A7: Karachi → Lahore | B7: 195457.21
A8: Karachi → Sri Lanka | B8: 340102.97
A9: Grand Total | B9: 13366958

Sheet PivotTable - Efficiency
A3: Aircraft Type | B3: Fuel_Consumed (L) | C3: Duration_hrs | D3: Fuel per Hour (L)
A4: Airbus A320 | B4: 657482 | C4: 264 | D4: 2490.4621
A5: Airbus A380 | B5: 12494532 | C5: 720 | D5: 17353.517
A6: Boeing 737 | B6: 239817 | C6: 91.68 | D6: 2615.805
A7: Boeing 777 | B7: 2993154 | C7: 315.84 | D7: 9476.8047
A8: Grand Total | B8: 16384985 | C8: 1391.52 | D8: 11774.883
A10: Aircraft Type | B10: Fuel per Hour (L)
A11: Airbus A320 | B11: 2490.4621
A12: Airbus A380 | B12: 17353.517
A13: Boeing 737 | B13: 2615.805
A14: Boeing 777 | B14: 9476.8047

Sheet PivotTable - Monthly Spend
A3: Row Labels | B3: Sum of Total Fuel Cost
A4: Jan | B4: 1881619.6
A5: Feb | B5: 2018771.2
A6: Mar | B6: 2151748.8
A7: Apr | B7: 2401078.3
A8: May | B8: 2425311
A9: Jun | B9: 2488429.3
A10: Grand Total | B10: 13366958
